model,precision_1,recall_1,f1_1,roc_auc
Logistic Regression,0.4630102040816326,0.6390845070422535,0.5369822485207101,0.7368523290581478
Random Forest,0.55,0.2323943661971831,0.32673267326732675,0.7381930374144308
XGBoost,0.43478260869565216,0.6161971830985915,0.5098324836125273,0.710575428829963
